{
  "Top-1": 0.921209858103062,
  "Top-3": 0.9701269604182226,
  "Top-5": 0.9805825242718447,
  "Top-10": 0.9899178491411501,
  "F1-macro": 0.915458550261015,
  "Precision-macro": 0.9189055396167,
  "Recall-macro": 0.9145714402476597
}